ecc_id	chrom	start	end	gene_id	gene_name	gene_type
ecc_00001	chr1	237766336	237766584	ENSG00000198626.11	RYR2	protein_coding
ecc_00002	chr1	145277303	145277480	ENSG00000213240.7	NOTCH2NL	protein_coding
ecc_00002	chr1	145277303	145277480	ENSG00000255168.1	RP11-458D21.5	protein_coding
ecc_00003	chr1	91852781	91853134	ENSG00000162669.11	HFM1	protein_coding
ecc_00004	chr1	218023765	218023982	ENSG00000228247.1	UBBP2	pseudogene
ecc_00004	chr1	218023765	218023982	ENSG00000162814.6	SPATA17	protein_coding
ecc_00005	chr1	62390866	62390944	ENSG00000132849.14	INADL	protein_coding
ecc_00006	chr1	204381169	204381214	ENSG00000226330.1	RP11-739N20.2	antisense
ecc_00007	chr1	161495738	161496022	ENSG00000173110.6	HSPA6	protein_coding
ecc_00007	chr1	161495738	161496022	ENSG00000273112.1	RP11-25K21.6	processed_transcript
ecc_00008	chr1	202824775	202825003	ENSG00000214796.4	RP11-480I12.5	pseudogene
ecc_00009	chr1	228284899	228285331	ENSG00000143761.9	ARF1	protein_coding
ecc_00009	chr1	228284899	228285331	ENSG00000264944.1	MIR3620	miRNA
ecc_00010	chr1	8926354	8926560	ENSG00000074800.9	ENO1	protein_coding
ecc_00011	chr1	94768096	94768233	ENSG00000178596.10	GAPDHP29	pseudogene
ecc_00012	chr1	229568241	229568627	ENSG00000143632.10	ACTA1	protein_coding
ecc_00013	chr1	40428548	40428701	ENSG00000168389.13	MFSD2A	protein_coding
ecc_00013	chr1	40428548	40428701	ENSG00000228477.1	RP3-342P20.2	pseudogene
ecc_00014	chr1	53461378	53461663	ENSG00000116171.12	SCP2	protein_coding
ecc_00014	chr1	53461378	53461663	ENSG00000226147.1	TUBBP10	pseudogene
ecc_00016	chr1	228645977	228646200	ENSG00000196890.3	HIST3H2BB	protein_coding
ecc_00017	chr1	234492513	234492605	ENSG00000235605.1	RP5-827C21.1	pseudogene
ecc_00018	chr1	808688	809678	ENSG00000230368.2	FAM41C	lincRNA
ecc_00018	chr1	808688	809678	ENSG00000234711.1	TUBB8P11	pseudogene
ecc_00019	chr1	32631773	32631818	ENSG00000025800.9	KPNA6	protein_coding
ecc_00020	chr1	197323939	197323996	ENSG00000134376.10	CRB1	protein_coding
ecc_00021	chr1	228612643	228612974	ENSG00000168148.3	HIST3H3	protein_coding
ecc_00022	chr1	197320494	197320549	ENSG00000134376.10	CRB1	protein_coding
ecc_00025	chr1	227695865	227695989	ENSG00000235827.2	TUBB8P9	pseudogene
ecc_00026	chr1	227680783	227680857	ENSG00000237469.2	TUBB8P10	pseudogene
ecc_00027	chr1	146649830	146649901	ENSG00000180867.9	PDIA3P	pseudogene
ecc_00027	chr1	146649830	146649901	ENSG00000237188.3	RP11-337C18.8	antisense
ecc_00027	chr1	146649830	146649901	ENSG00000273071.1	RP11-337C18.10	processed_transcript
ecc_00027	chr1	146649830	146649901	ENSG00000131781.8	FMO5	protein_coding
ecc_00028	chr1	224051699	224052361	ENSG00000188460.4	ACTBP11	pseudogene
ecc_00030	chr1	92694713	92694861	ENSG00000233125.2	ACTBP12	pseudogene
ecc_00030	chr1	92694713	92694861	ENSG00000265543.1	AL451010.1	miRNA
ecc_00030	chr1	92694713	92694861	ENSG00000203910.4	C1orf146	protein_coding
ecc_00031	chr1	96912692	96912901	ENSG00000228502.1	EEF1A1P11	pseudogene
ecc_00033	chr1	153907273	153907324	ENSG00000198837.5	DENND4B	protein_coding
ecc_00035	chr1	161494800	161494984	ENSG00000173110.6	HSPA6	protein_coding
ecc_00035	chr1	161494800	161494984	ENSG00000273112.1	RP11-25K21.6	processed_transcript
ecc_00037	chr1	7395181	7395233	ENSG00000171735.14	CAMTA1	protein_coding
ecc_00038	chr1	224621742	224621930	ENSG00000162923.10	WDR26	protein_coding
ecc_00040	chr1	94242954	94243033	ENSG00000137936.12	BCAR3	protein_coding
ecc_00041	chr1	228645152	228645395	ENSG00000181218.4	HIST3H2A	protein_coding
ecc_00044	chr1	53704031	53704108	ENSG00000162385.6	MAGOH	protein_coding
ecc_00045	chr1	238090318	238090514	ENSG00000237250.3	RP11-193H5.1	antisense
ecc_00045	chr1	238090318	238090514	ENSG00000243781.1	RP11-193H5.2	pseudogene
ecc_00046	chr1	175489818	175489851	ENSG00000116147.12	TNR	protein_coding
ecc_00047	chr1	179198766	179198870	ENSG00000143322.15	ABL2	protein_coding
ecc_00048	chr1	9261828	9261883	ENSG00000228526.2	RP3-510D11.1	lincRNA
ecc_00049	chr1	245673877	245673928	ENSG00000162849.11	KIF26B	protein_coding
ecc_00050	chr1	244013402	244013636	ENSG00000117020.12	AKT3	protein_coding
ecc_00051	chr1	21502719	21503115	ENSG00000075151.15	EIF4G3	protein_coding
ecc_00051	chr1	21502719	21503115	ENSG00000266867.1	AL031005.1	miRNA
ecc_00052	chr1	239826210	239826344	ENSG00000133019.7	CHRM3	protein_coding
ecc_00053	chr1	169075837	169075893	ENSG00000143153.8	ATP1B1	protein_coding
ecc_00055	chr1	53192142	53192172	ENSG00000162378.8	ZYG11B	protein_coding
ecc_00056	chr1	156849863	156849894	ENSG00000198400.7	NTRK1	protein_coding
ecc_00057	chr1	87028539	87028578	ENSG00000016602.8	CLCA4	protein_coding
ecc_00058	chr1	38512168	38512542	ENSG00000185668.5	POU3F1	protein_coding
ecc_00059	chr1	145073536	145073574	ENSG00000178104.15	PDE4DIP	protein_coding
ecc_00060	chr1	155532213	155532689	ENSG00000116539.6	ASH1L	protein_coding
ecc_00060	chr1	155532213	155532689	ENSG00000235919.3	ASH1L-AS1	processed_transcript
ecc_00062	chr1	116304039	116304144	ENSG00000118729.10	CASQ2	protein_coding
ecc_00063	chr1	117122271	117122308	ENSG00000143061.13	IGSF3	protein_coding
ecc_00064	chr1	58983939	58983973	ENSG00000162600.7	OMA1	protein_coding
ecc_00064	chr1	58983939	58983973	ENSG00000173406.11	DAB1	protein_coding
ecc_00065	chr1	33270839	33270896	ENSG00000134684.6	YARS	protein_coding
ecc_00066	chr1	209605630	209605660	ENSG00000230937.5	MIR205HG	lincRNA
ecc_00067	chr1	19012393	19012431	ENSG00000009709.7	PAX7	protein_coding
ecc_00068	chr1	16010792	16011040	ENSG00000116786.7	PLEKHM2	protein_coding
ecc_00068	chr1	16010792	16011040	ENSG00000264048.1	AL121992.1	miRNA
ecc_00069	chr1	179052708	179052738	ENSG00000186283.9	TOR3A	protein_coding
ecc_00070	chr1	44283032	44283557	ENSG00000126091.15	ST3GAL3	protein_coding
ecc_00072	chr1	240255552	240255587	ENSG00000155816.15	FMN2	protein_coding
ecc_00073	chr1	22469445	22469659	ENSG00000162552.10	WNT4	protein_coding
ecc_00074	chr1	236549138	236549239	ENSG00000186197.8	EDARADD	protein_coding
ecc_00075	chr1	18400137	18400169	ENSG00000261781.1	RP11-174G17.2	lincRNA
ecc_00076	chr1	10359047	10359105	ENSG00000199562.1	RNU6-37P	snRNA
ecc_00076	chr1	10359047	10359105	ENSG00000054523.12	KIF1B	protein_coding
ecc_00077	chr1	229567302	229567632	ENSG00000143632.10	ACTA1	protein_coding
ecc_00079	chr1	196469335	196469374	ENSG00000162687.12	KCNT2	protein_coding
ecc_00080	chr1	178062908	178062960	ENSG00000224687.1	RASAL2-AS1	lincRNA
ecc_00080	chr1	178062908	178062960	ENSG00000075391.12	RASAL2	protein_coding
ecc_00081	chr1	244172833	244172882	ENSG00000226828.1	RP11-278H7.1	lincRNA
ecc_00082	chr1	10699083	10699296	ENSG00000130940.10	CASZ1	protein_coding
ecc_00083	chr1	223744216	223744289	ENSG00000203697.7	CAPN8	protein_coding
ecc_00084	chr1	113741694	113741795	ENSG00000236887.1	RP11-389O22.5	pseudogene
ecc_00085	chr1	50884768	50884808	ENSG00000142700.7	DMRTA2	protein_coding
ecc_00087	chr1	68598727	68598768	ENSG00000116729.9	WLS	protein_coding
ecc_00087	chr1	68598727	68598768	ENSG00000232284.3	GNG12-AS1	antisense
ecc_00088	chr1	36273758	36273966	ENSG00000134698.10	AGO4	protein_coding
ecc_00090	chr1	14105121	14105154	ENSG00000116731.18	PRDM2	protein_coding
ecc_00091	chr1	43996602	43996651	ENSG00000142949.12	PTPRF	protein_coding
ecc_00092	chr1	104112392	104113031	ENSG00000240038.2	AMY2B	protein_coding
ecc_00092	chr1	104112392	104113031	ENSG00000236085.1	ACTG1P4	pseudogene
ecc_00094	chr1	149784824	149785041	ENSG00000183598.3	HIST2H3D	protein_coding
ecc_00098	chr1	245343592	245343624	ENSG00000162849.11	KIF26B	protein_coding
ecc_00099	chr1	161692738	161692770	ENSG00000162746.10	FCRLB	protein_coding
ecc_00100	chr1	156717021	156717067	ENSG00000143321.14	HDGF	protein_coding
ecc_00103	chr1	68659083	68659139	ENSG00000232284.3	GNG12-AS1	antisense
ecc_00103	chr1	68659083	68659139	ENSG00000116729.9	WLS	protein_coding
ecc_00104	chr1	39893979	39894020	ENSG00000127603.19	MACF1	protein_coding
ecc_00105	chr1	11562209	11562248	ENSG00000204624.6	PTCHD2	protein_coding
ecc_00106	chr1	49900364	49900406	ENSG00000225623.1	AGBL4-IT1	sense_intronic
ecc_00106	chr1	49900364	49900406	ENSG00000186094.12	AGBL4	protein_coding
ecc_00107	chr1	94313446	94313487	ENSG00000260464.1	RP4-561L24.3	lincRNA
ecc_00109	chr1	43297224	43297275	ENSG00000164010.9	ERMAP	protein_coding
ecc_00110	chr1	202842650	202842942	ENSG00000234996.3	RP11-480I12.7	lincRNA
ecc_00110	chr1	202842650	202842942	ENSG00000243113.1	RP11-480I12.9	pseudogene
ecc_00112	chr1	12431085	12431117	ENSG00000048707.9	VPS13D	protein_coding
ecc_00113	chr1	120038909	120038983	ENSG00000229570.2	GAPDHP58	pseudogene
ecc_00114	chr1	119926253	119926285	ENSG00000116882.10	HAO2	protein_coding
ecc_00115	chr1	61549422	61549466	ENSG00000162599.11	NFIA	protein_coding
ecc_00116	chr1	149859281	149859415	ENSG00000184270.3	HIST2H2AB	protein_coding
ecc_00117	chr1	12165588	12165626	ENSG00000120949.10	TNFRSF8	protein_coding
ecc_00118	chr1	180332820	180332861	ENSG00000135847.5	ACBD6	protein_coding
ecc_00120	chr1	42687644	42687752	ENSG00000198815.4	FOXJ3	protein_coding
ecc_00121	chr1	53220003	53220049	ENSG00000252018.1	RNU2-30P	snRNA
ecc_00121	chr1	53220003	53220049	ENSG00000162378.8	ZYG11B	protein_coding
ecc_00122	chr1	16469484	16469671	ENSG00000142627.9	EPHA2	protein_coding
ecc_00124	chr1	74917430	74917463	ENSG00000116783.10	TNNI3K	protein_coding
ecc_00124	chr1	74917430	74917463	ENSG00000259030.2	FPGT-TNNI3K	protein_coding
ecc_00125	chr1	40426986	40427019	ENSG00000168389.13	MFSD2A	protein_coding
ecc_00126	chr1	120612028	120612061	ENSG00000134250.13	NOTCH2	protein_coding
ecc_00127	chr1	112790369	112790407	ENSG00000231246.1	RP5-965F6.2	lincRNA
ecc_00128	chr1	48430866	48430921	ENSG00000269113.3	TRABD2B	protein_coding
ecc_00132	chr1	51716672	51716749	ENSG00000233406.4	RP11-296A18.5	pseudogene
ecc_00132	chr1	51716672	51716749	ENSG00000123091.4	RNF11	protein_coding
ecc_00133	chr1	183220990	183221021	ENSG00000157064.6	NMNAT2	protein_coding
ecc_00134	chr1	166135936	166135972	ENSG00000188859.5	FAM78B	protein_coding
ecc_00135	chr1	10333754	10333798	ENSG00000054523.12	KIF1B	protein_coding
ecc_00136	chr1	226736633	226736666	ENSG00000203685.5	C1orf95	protein_coding
ecc_00137	chr1	237636748	237636780	ENSG00000198626.11	RYR2	protein_coding
ecc_00138	chr1	192685312	192685470	ENSG00000231767.2	MIR4426	pseudogene
ecc_00139	chr1	237754422	237754466	ENSG00000198626.11	RYR2	protein_coding
ecc_00141	chr1	9613262	9613303	ENSG00000171612.6	SLC25A33	protein_coding
ecc_00142	chr1	154842193	154842354	ENSG00000143603.14	KCNN3	protein_coding
ecc_00143	chr1	154531078	154531253	ENSG00000160714.5	UBE2Q1	protein_coding
ecc_00144	chr1	27022672	27023022	ENSG00000117713.13	ARID1A	protein_coding
ecc_00145	chr1	119530759	119530802	ENSG00000092607.9	TBX15	protein_coding
ecc_00146	chr1	42905922	42905954	ENSG00000066185.8	ZMYND12	protein_coding
ecc_00149	chr1	27893181	27893211	ENSG00000126705.9	AHDC1	protein_coding
ecc_00150	chr1	202660830	202660863	ENSG00000143858.7	SYT2	protein_coding
ecc_00154	chr1	189961324	189961378	ENSG00000230987.2	RP11-113I24.1	pseudogene
ecc_00155	chr1	74525865	74526026	ENSG00000162620.11	LRRIQ3	protein_coding
ecc_00156	chr1	52527157	52527193	ENSG00000134717.13	BTF3L4	protein_coding
ecc_00157	chr1	167326577	167326632	ENSG00000143190.17	POU2F1	protein_coding
ecc_00162	chr1	149400164	149400368	ENSG00000273213.1	RP5-998N21.10	processed_transcript
ecc_00162	chr1	149400164	149400368	ENSG00000230186.3	RP5-998N21.7	antisense
ecc_00162	chr1	149400164	149400368	ENSG00000203818.6	HIST2H3PS2	protein_coding
ecc_00163	chr1	68576342	68576382	ENSG00000232284.3	GNG12-AS1	antisense
ecc_00163	chr1	68576342	68576382	ENSG00000116729.9	WLS	protein_coding
ecc_00164	chr1	145209325	145209356	ENSG00000213240.7	NOTCH2NL	protein_coding
ecc_00164	chr1	145209325	145209356	ENSG00000255168.1	RP11-458D21.5	protein_coding
ecc_00165	chr1	67629159	67629194	ENSG00000203963.7	C1orf141	protein_coding
ecc_00166	chr1	44444997	44445043	ENSG00000117411.12	B4GALT2	protein_coding
ecc_00167	chr1	21315542	21315598	ENSG00000075151.15	EIF4G3	protein_coding
ecc_00168	chr1	204084603	204084643	ENSG00000143842.10	SOX13	protein_coding
ecc_00169	chr1	211432769	211432815	ENSG00000117625.9	RCOR3	protein_coding
ecc_00171	chr1	197721016	197721169	ENSG00000213047.7	DENND1B	protein_coding
ecc_00173	chr1	48375109	48375479	ENSG00000269113.3	TRABD2B	protein_coding
ecc_00176	chr1	61201179	61201209	ENSG00000231252.1	RP11-436K8.1	lincRNA
ecc_00178	chr1	31836991	31837022	ENSG00000121766.10	ZCCHC17	protein_coding
ecc_00180	chr1	28860347	28860407	ENSG00000180198.11	RCC1	protein_coding
ecc_00181	chr1	234745214	234745397	ENSG00000168264.6	IRF2BP2	protein_coding
ecc_00181	chr1	234745214	234745397	ENSG00000228830.1	RP4-781K5.2	antisense
ecc_00182	chr1	215256352	215256556	ENSG00000082482.9	KCNK2	protein_coding
ecc_00183	chr1	208417641	208417689	ENSG00000076356.6	PLXNA2	protein_coding
ecc_00184	chr1	179717076	179717106	ENSG00000143340.6	FAM163A	protein_coding
ecc_00185	chr1	177407024	177407065	ENSG00000227579.1	RP1-35C21.2	lincRNA
ecc_00186	chr1	170516571	170516602	ENSG00000120370.8	GORAB	protein_coding
ecc_00187	chr1	164746175	164746230	ENSG00000185630.14	PBX1	protein_coding
ecc_00188	chr1	15847651	15847685	ENSG00000132906.13	CASP9	protein_coding
ecc_00191	chr1	207080424	207080467	ENSG00000162894.7	FAIM3	protein_coding
ecc_00192	chr1	19694978	19695177	ENSG00000077549.13	CAPZB	protein_coding
ecc_00193	chr1	220095500	220095576	ENSG00000196660.6	SLC30A10	protein_coding
ecc_00194	chr1	53793511	53793720	ENSG00000157193.10	LRP8	protein_coding
ecc_00195	chr1	8618839	8618872	ENSG00000142599.13	RERE	protein_coding
ecc_00196	chr1	109360103	109360141	ENSG00000162641.14	AKNAD1	protein_coding
ecc_00197	chr1	86563100	86563375	ENSG00000171502.10	COL24A1	protein_coding
ecc_00201	chr1	70355507	70355546	ENSG00000033122.14	LRRC7	protein_coding
ecc_00202	chr1	65834269	65834423	ENSG00000116675.11	DNAJC6	protein_coding
ecc_00205	chr1	162231256	162231339	ENSG00000198929.8	NOS1AP	protein_coding
ecc_00209	chr1	155415604	155415848	ENSG00000116539.6	ASH1L	protein_coding
ecc_00210	chr1	149953008	149953063	ENSG00000163113.10	OTUD7B	protein_coding
ecc_00211	chr1	67356351	67356585	ENSG00000152763.12	WDR78	protein_coding
ecc_00213	chr1	78354278	78354309	ENSG00000235927.2	NEXN-AS1	antisense
ecc_00213	chr1	78354278	78354309	ENSG00000162614.14	NEXN	protein_coding
ecc_00215	chr1	57586812	57586931	ENSG00000173406.11	DAB1	protein_coding
ecc_00219	chr1	3156602	3156644	ENSG00000142611.12	PRDM16	protein_coding
ecc_00225	chr1	203738899	203738930	ENSG00000122188.8	LAX1	protein_coding
ecc_00227	chr1	188678776	188678823	ENSG00000237283.1	RP11-316I3.1	lincRNA
ecc_00229	chr1	160012728	160012765	ENSG00000177807.6	KCNJ10	protein_coding
ecc_00231	chr1	217085525	217085617	ENSG00000196482.12	ESRRG	protein_coding
ecc_00232	chr1	44871055	44871096	ENSG00000187147.13	RNF220	protein_coding
ecc_00234	chr1	211569104	211569147	ENSG00000153363.8	LINC00467	processed_transcript
ecc_00235	chr1	197737248	197737405	ENSG00000213047.7	DENND1B	protein_coding
ecc_00237	chr1	78240263	78240513	ENSG00000232672.1	RP4-706L14.2	pseudogene
ecc_00240	chr1	246445607	246445651	ENSG00000185420.14	SMYD3	protein_coding
ecc_00241	chr1	245970218	245970260	ENSG00000185420.14	SMYD3	protein_coding
ecc_00246	chr1	31705284	31705326	ENSG00000084628.5	NKAIN1	protein_coding
ecc_00248	chr1	223491171	223491212	ENSG00000143502.10	SUSD4	protein_coding
ecc_00250	chr1	24924010	24924175	ENSG00000184454.6	NCMAP	protein_coding
ecc_00251	chr1	219871527	219871574	ENSG00000196660.6	SLC30A10	protein_coding
ecc_00252	chr1	117909926	117910110	ENSG00000198162.8	MAN1A2	protein_coding
ecc_00253	chr1	32403661	32403767	ENSG00000184007.13	PTP4A2	protein_coding
ecc_00254	chr1	9824154	9824190	ENSG00000171603.12	CLSTN1	protein_coding
ecc_00255	chr1	94719190	94719224	ENSG00000137962.8	ARHGAP29	protein_coding
ecc_00257	chr1	78307476	78307652	ENSG00000180488.10	FAM73A	protein_coding
ecc_00258	chr1	65363157	65363276	ENSG00000162434.7	JAK1	protein_coding
ecc_00259	chr1	63732669	63732713	ENSG00000224209.2	LINC00466	lincRNA
ecc_00261	chr1	59007289	59007324	ENSG00000162600.7	OMA1	protein_coding
ecc_00261	chr1	59007289	59007324	ENSG00000173406.11	DAB1	protein_coding
ecc_00262	chr1	57045137	57045178	ENSG00000162407.8	PPAP2B	protein_coding
ecc_00263	chr1	51350968	51351004	ENSG00000185104.15	FAF1	protein_coding
ecc_00264	chr1	41552539	41552576	ENSG00000010803.12	SCMH1	protein_coding
ecc_00266	chr1	39659459	39659490	ENSG00000127603.19	MACF1	protein_coding
ecc_00267	chr1	32972885	32972916	ENSG00000254553.1	RP1-27O5.3	protein_coding
ecc_00274	chr1	244864508	244864541	ENSG00000121644.14	DESI2	protein_coding
ecc_00275	chr1	234401068	234401102	ENSG00000231272.1	RP4-799P18.4	sense_intronic
ecc_00275	chr1	234401068	234401102	ENSG00000183780.8	SLC35F3	protein_coding
ecc_00279	chr1	225781098	225781128	ENSG00000154380.12	ENAH	protein_coding
ecc_00281	chr1	20809952	20809982	ENSG00000162545.5	CAMK2N1	protein_coding
ecc_00283	chr1	197505273	197505321	ENSG00000213047.7	DENND1B	protein_coding
ecc_00285	chr1	178246274	178246313	ENSG00000075391.12	RASAL2	protein_coding
ecc_00286	chr1	176482298	176482337	ENSG00000116183.6	PAPPA2	protein_coding
ecc_00288	chr1	17026016	17026047	ENSG00000268869.1	ESPNP	pseudogene
ecc_00290	chr1	167312869	167312928	ENSG00000143190.17	POU2F1	protein_coding
ecc_00294	chr1	151678706	151678751	ENSG00000227045.1	RP11-98D18.1	antisense
ecc_00294	chr1	151678706	151678751	ENSG00000159409.10	CELF3	protein_coding
ecc_00296	chr1	145472428	145472458	ENSG00000181039.7	ANKRD34A	protein_coding
ecc_00297	chr1	143137532	143137566	ENSG00000232274.2	RP11-782C8.2	lincRNA
ecc_00297	chr1	143137532	143137566	ENSG00000230850.3	RP11-782C8.1	lincRNA
ecc_00299	chr1	11140607	11140638	ENSG00000171824.9	EXOSC10	protein_coding
ecc_00301	chr1	103410797	103410845	ENSG00000060718.14	COL11A1	protein_coding
ecc_00304	chr1	242687821	242688045	ENSG00000180287.12	PLD5	protein_coding
ecc_00305	chr1	173803862	173803936	ENSG00000117593.8	DARS2	protein_coding
ecc_00306	chr1	65456606	65456642	ENSG00000226891.2	RP11-182I10.3	lincRNA
ecc_00308	chr1	237758181	237758235	ENSG00000198626.11	RYR2	protein_coding
ecc_00309	chr1	213124813	213124854	ENSG00000143494.11	VASH2	protein_coding
ecc_00310	chr1	20655755	20655809	ENSG00000158816.11	VWA5B1	protein_coding
ecc_00313	chr1	160288258	160288301	ENSG00000122218.10	COPA	protein_coding
ecc_00314	chr1	154161612	154161664	ENSG00000143549.15	TPM3	protein_coding
ecc_00316	chr1	10754631	10754682	ENSG00000130940.10	CASZ1	protein_coding
ecc_00320	chr1	62590907	62590950	ENSG00000132849.14	INADL	protein_coding
ecc_00325	chr1	8126744	8126962	ENSG00000238290.1	RP11-431K24.1	lincRNA
ecc_00326	chr1	55256444	55256534	ENSG00000006555.6	TTC22	protein_coding
ecc_00330	chr1	9141323	9141354	ENSG00000142583.13	SLC2A5	protein_coding
ecc_00332	chr1	74984541	74984578	ENSG00000259030.2	FPGT-TNNI3K	protein_coding
ecc_00332	chr1	74984541	74984578	ENSG00000116783.10	TNNI3K	protein_coding
ecc_00333	chr1	6964793	6964834	ENSG00000171735.14	CAMTA1	protein_coding
ecc_00337	chr1	47030124	47030165	ENSG00000079277.15	MKNK1	protein_coding
ecc_00337	chr1	47030124	47030165	ENSG00000269956.1	MKNK1-AS1	antisense
ecc_00339	chr1	3177168	3177324	ENSG00000142611.12	PRDM16	protein_coding
ecc_00341	chr1	29076485	29076519	ENSG00000198492.10	YTHDF2	protein_coding
ecc_00343	chr1	245786327	245786364	ENSG00000162849.11	KIF26B	protein_coding
ecc_00346	chr1	23997270	23997303	ENSG00000229239.2	RP11-223J15.2	pseudogene
ecc_00347	chr1	239831372	239831406	ENSG00000133019.7	CHRM3	protein_coding
ecc_00348	chr1	234072261	234072293	ENSG00000183780.8	SLC35F3	protein_coding
ecc_00350	chr1	22021070	22021108	ENSG00000090686.11	USP48	protein_coding
ecc_00351	chr1	220100984	220101033	ENSG00000196660.6	SLC30A10	protein_coding
ecc_00353	chr1	207694295	207694338	ENSG00000203710.6	CR1	protein_coding
ecc_00354	chr1	205566501	205566535	ENSG00000174514.8	MFSD4	protein_coding
ecc_00355	chr1	205176881	205176930	ENSG00000133059.12	DSTYK	protein_coding
ecc_00356	chr1	200708740	200708772	ENSG00000118200.10	CAMSAP2	protein_coding
ecc_00361	chr1	169967007	169967051	ENSG00000075945.8	KIFAP3	protein_coding
ecc_00362	chr1	169041704	169041759	ENSG00000203601.3	LINC00970	antisense
ecc_00363	chr1	16697934	16697971	ENSG00000055070.12	SZRD1	protein_coding
ecc_00364	chr1	15959407	15959443	ENSG00000197312.7	DDI2	protein_coding
ecc_00366	chr1	157848497	157848530	ENSG00000073754.5	CD5L	protein_coding
ecc_00368	chr1	150337123	150337155	ENSG00000163125.11	RPRD2	protein_coding
ecc_00369	chr1	115910197	115910230	ENSG00000228035.1	RP4-663N10.1	antisense
ecc_00372	chr1	100637040	100637074	ENSG00000122477.8	LRRC39	protein_coding
ecc_00373	chr1	57107939	57107997	ENSG00000162407.8	PPAP2B	protein_coding
ecc_00374	chr1	36851468	36851591	ENSG00000196182.6	STK40	protein_coding
ecc_00376	chr1	32732187	32732417	ENSG00000182866.12	LCK	protein_coding
ecc_00377	chr1	18667477	18667588	ENSG00000117154.7	IGSF21	protein_coding
ecc_00381	chr1	89077353	89077390	ENSG00000237505.2	RP11-76N22.2	antisense
ecc_00383	chr1	82232515	82232555	ENSG00000117114.15	LPHN2	protein_coding
ecc_00386	chr1	76019563	76019608	ENSG00000137968.12	SLC44A5	protein_coding
ecc_00387	chr1	72601073	72601123	ENSG00000172260.9	NEGR1	protein_coding
ecc_00391	chr1	58766293	58766329	ENSG00000173406.11	DAB1	protein_coding
ecc_00392	chr1	57242904	57242948	ENSG00000187889.8	C1orf168	protein_coding
ecc_00394	chr1	46664132	46664218	ENSG00000085998.9	POMGNT1	protein_coding
ecc_00397	chr1	27736323	27736357	ENSG00000158195.6	WASF2	protein_coding
ecc_00398	chr1	24903883	24903935	ENSG00000184454.6	NCMAP	protein_coding
ecc_00399	chr1	24831699	24831741	ENSG00000117602.7	RCAN3	protein_coding
ecc_00402	chr1	244174575	244174622	ENSG00000226828.1	RP11-278H7.1	lincRNA
ecc_00404	chr1	236692922	236692964	ENSG00000116977.14	LGALS8	protein_coding
ecc_00405	chr1	23443952	23443985	ENSG00000169641.9	LUZP1	protein_coding
ecc_00406	chr1	231122407	231122451	ENSG00000173409.9	ARV1	protein_coding
ecc_00407	chr1	231114530	231114561	ENSG00000143643.8	TTC13	protein_coding
ecc_00414	chr1	211190251	211190288	ENSG00000143473.7	KCNH1	protein_coding
ecc_00416	chr1	206719391	206719453	ENSG00000136653.15	RASSF5	protein_coding
ecc_00417	chr1	20654125	20654163	ENSG00000158816.11	VWA5B1	protein_coding
ecc_00418	chr1	203469199	203469339	ENSG00000188770.5	OPTC	protein_coding
ecc_00421	chr1	1920259	1920294	ENSG00000142609.13	C1orf222	protein_coding
ecc_00427	chr1	165475010	165475050	ENSG00000237463.1	RP11-280O1.2	antisense
ecc_00428	chr1	16174428	16174475	ENSG00000065526.6	SPEN	protein_coding
ecc_00428	chr1	16174428	16174475	ENSG00000179743.2	RP11-169K16.9	antisense
ecc_00429	chr1	1605402	1605436	ENSG00000189339.7	SLC35E2B	protein_coding
ecc_00429	chr1	1605402	1605436	ENSG00000269227.1	RP11-345P4.6	pseudogene
ecc_00430	chr1	156898149	156898331	ENSG00000160838.9	LRRC71	protein_coding
ecc_00431	chr1	156748920	156748962	ENSG00000143294.10	PRCC	protein_coding
ecc_00434	chr1	112283588	112283640	ENSG00000227811.2	RP4-773A18.4	antisense
ecc_00434	chr1	112283588	112283640	ENSG00000197852.8	FAM212B	protein_coding
ecc_00435	chr1	87794211	87794500	ENSG00000143013.8	LMO4	protein_coding
ecc_00436	chr1	78709079	78709249	ENSG00000237413.1	RP11-183M13.1	processed_transcript
ecc_00437	chr1	54871476	54871739	ENSG00000157216.11	SSBP3	protein_coding
ecc_00438	chr1	35304716	35304830	ENSG00000163866.8	SMIM12	protein_coding
ecc_00440	chr1	217308782	217308888	ENSG00000196482.12	ESRRG	protein_coding
ecc_00441	chr1	214454575	214454802	ENSG00000143499.9	SMYD2	protein_coding
ecc_00446	chr1	99982586	99982617	ENSG00000224445.2	RP11-413P11.1	lincRNA
ecc_00450	chr1	9883917	9884084	ENSG00000171603.12	CLSTN1	protein_coding
ecc_00451	chr1	98514597	98514628	ENSG00000225206.4	MIR137HG	lincRNA
ecc_00453	chr1	97716954	97716990	ENSG00000188641.8	DPYD	protein_coding
ecc_00453	chr1	97716954	97716990	ENSG00000232878.1	DPYD-AS1	antisense
ecc_00459	chr1	95447003	95447042	ENSG00000172339.9	ALG14	protein_coding
ecc_00460	chr1	95426563	95426610	ENSG00000235501.1	RP4-639F20.1	antisense
ecc_00461	chr1	95124690	95124723	ENSG00000224081.3	LINC01057	lincRNA
ecc_00462	chr1	94883977	94884014	ENSG00000117528.7	ABCD3	protein_coding
ecc_00464	chr1	93566932	93567155	ENSG00000143033.13	MTF2	protein_coding
ecc_00465	chr1	93112607	93112643	ENSG00000229992.1	HMGB3P9	pseudogene
ecc_00465	chr1	93112607	93112643	ENSG00000067208.10	EVI5	protein_coding
ecc_00466	chr1	93085902	93086015	ENSG00000067208.10	EVI5	protein_coding
ecc_00469	chr1	92437555	92437587	ENSG00000137948.14	BRDT	protein_coding
ecc_00473	chr1	9127036	9127074	ENSG00000142583.13	SLC2A5	protein_coding
ecc_00480	chr1	89874208	89874245	ENSG00000225492.2	GBP1P1	pseudogene
ecc_00481	chr1	89525200	89525234	ENSG00000117228.9	GBP1	protein_coding
ecc_00483	chr1	8796903	8796933	ENSG00000142599.13	RERE	protein_coding
ecc_00485	chr1	86021753	86021788	ENSG00000153904.14	DDAH1	protein_coding
ecc_00486	chr1	8569477	8569517	ENSG00000142599.13	RERE	protein_coding
ecc_00487	chr1	85327085	85327115	ENSG00000171517.5	LPAR3	protein_coding
ecc_00489	chr1	8483927	8483957	ENSG00000142599.13	RERE	protein_coding
ecc_00490	chr1	84581570	84581608	ENSG00000142875.15	PRKACB	protein_coding
ecc_00491	chr1	84543774	84543806	ENSG00000142875.15	PRKACB	protein_coding
ecc_00493	chr1	84358671	84358703	ENSG00000137941.12	TTLL7	protein_coding
ecc_00494	chr1	8429567	8429609	ENSG00000142599.13	RERE	protein_coding
ecc_00495	chr1	84255677	84255719	ENSG00000233008.1	RP11-475O6.1	lincRNA
ecc_00499	chr1	82220114	82220149	ENSG00000117114.15	LPHN2	protein_coding
ecc_00500	chr1	8145869	8145939	ENSG00000238290.1	RP11-431K24.1	lincRNA
ecc_00505	chr1	79109312	79109360	ENSG00000137959.11	IFI44L	protein_coding
ecc_00508	chr1	78439806	78439840	ENSG00000162613.12	FUBP1	protein_coding
ecc_00509	chr1	78365327	78365364	ENSG00000162614.14	NEXN	protein_coding
ecc_00510	chr1	78088045	78088075	ENSG00000036549.8	ZZZ3	protein_coding
ecc_00511	chr1	77774121	77774153	ENSG00000154027.14	AK5	protein_coding
ecc_00512	chr1	77481977	77481997	ENSG00000117069.10	ST6GALNAC5	protein_coding
ecc_00513	chr1	76373359	76373398	ENSG00000057468.6	MSH4	protein_coding
ecc_00514	chr1	76321267	76321346	ENSG00000057468.6	MSH4	protein_coding
ecc_00515	chr1	75753107	75753140	ENSG00000137968.12	SLC44A5	protein_coding
ecc_00516	chr1	75694704	75694736	ENSG00000137968.12	SLC44A5	protein_coding
ecc_00517	chr1	75080040	75080074	ENSG00000178965.9	C1orf173	protein_coding
ecc_00517	chr1	75080040	75080074	ENSG00000234497.1	RP4-612J11.1	antisense
ecc_00519	chr1	7490365	7490384	ENSG00000171735.14	CAMTA1	protein_coding
ecc_00520	chr1	74864837	74864868	ENSG00000259030.2	FPGT-TNNI3K	protein_coding
ecc_00520	chr1	74864837	74864868	ENSG00000116783.10	TNNI3K	protein_coding
ecc_00526	chr1	72664840	72664876	ENSG00000172260.9	NEGR1	protein_coding
ecc_00527	chr1	72156310	72156358	ENSG00000172260.9	NEGR1	protein_coding
ecc_00528	chr1	72137564	72137601	ENSG00000172260.9	NEGR1	protein_coding
ecc_00529	chr1	72063108	72063141	ENSG00000172260.9	NEGR1	protein_coding
ecc_00530	chr1	71581638	71581668	ENSG00000229956.5	ZRANB2-AS2	processed_transcript
ecc_00531	chr1	7124144	7124258	ENSG00000171735.14	CAMTA1	protein_coding
ecc_00532	chr1	70443968	70444008	ENSG00000033122.14	LRRC7	protein_coding
ecc_00533	chr1	6986357	6986555	ENSG00000171735.14	CAMTA1	protein_coding
ecc_00535	chr1	69554598	69554631	ENSG00000223883.1	RP11-424D14.1	lincRNA
ecc_00542	chr1	67310872	67310915	ENSG00000152763.12	WDR78	protein_coding
ecc_00543	chr1	67308903	67308933	ENSG00000152763.12	WDR78	protein_coding
ecc_00545	chr1	65846588	65846623	ENSG00000116675.11	DNAJC6	protein_coding
ecc_00547	chr1	65439303	65439336	ENSG00000226891.2	RP11-182I10.3	lincRNA
ecc_00548	chr1	6516066	6516097	ENSG00000187017.10	ESPN	protein_coding
ecc_00549	chr1	65063192	65063233	ENSG00000158966.9	CACHD1	protein_coding
ecc_00550	chr1	64966400	64966449	ENSG00000158966.9	CACHD1	protein_coding
ecc_00551	chr1	64941787	64941819	ENSG00000158966.9	CACHD1	protein_coding
ecc_00552	chr1	64704748	64704784	ENSG00000177414.9	UBE2U	protein_coding
ecc_00553	chr1	64694339	64694561	ENSG00000177414.9	UBE2U	protein_coding
ecc_00554	chr1	6404831	6404865	ENSG00000097021.15	ACOT7	protein_coding
ecc_00555	chr1	63749417	63749451	ENSG00000224209.2	LINC00466	lincRNA
ecc_00556	chr1	6352723	6352753	ENSG00000097021.15	ACOT7	protein_coding
ecc_00558	chr1	63153942	63153977	ENSG00000116641.11	DOCK7	protein_coding
ecc_00559	chr1	62948843	62948886	ENSG00000116641.11	DOCK7	protein_coding
ecc_00560	chr1	62668208	62668366	ENSG00000240563.1	L1TD1	protein_coding
ecc_00561	chr1	62325207	62325239	ENSG00000132849.14	INADL	protein_coding
ecc_00563	chr1	61723525	61723562	ENSG00000162599.11	NFIA	protein_coding
ecc_00564	chr1	61402152	61402182	ENSG00000162599.11	NFIA	protein_coding
ecc_00567	chr1	60511876	60511907	ENSG00000162598.9	C1orf87	protein_coding
ecc_00569	chr1	59354098	59354147	ENSG00000234807.4	RP4-794H19.2	lincRNA
ecc_00569	chr1	59354098	59354147	ENSG00000232453.1	RP4-794H19.1	lincRNA
ecc_00570	chr1	59285971	59286001	ENSG00000234807.4	RP4-794H19.2	lincRNA
ecc_00571	chr1	59268484	59268528	ENSG00000234807.4	RP4-794H19.2	lincRNA
ecc_00572	chr1	59150234	59150267	ENSG00000162601.5	MYSM1	protein_coding
ecc_00574	chr1	58792963	58793003	ENSG00000173406.11	DAB1	protein_coding
ecc_00575	chr1	58590884	58591129	ENSG00000173406.11	DAB1	protein_coding
ecc_00576	chr1	58410903	58410936	ENSG00000173406.11	DAB1	protein_coding
ecc_00577	chr1	58220359	58220390	ENSG00000173406.11	DAB1	protein_coding
ecc_00579	chr1	57021106	57021143	ENSG00000162407.8	PPAP2B	protein_coding
ecc_00580	chr1	5691352	5691383	ENSG00000236948.1	RP11-154H17.1	lincRNA
ecc_00582	chr1	55201857	55202051	ENSG00000243725.2	TTC4	protein_coding
ecc_00582	chr1	55201857	55202051	ENSG00000271723.1	MROH7-TTC4	protein_coding
ecc_00586	chr1	54112567	54112675	ENSG00000174332.3	GLIS1	protein_coding
ecc_00590	chr1	52306051	52306081	ENSG00000078618.15	NRD1	protein_coding
ecc_00591	chr1	51917164	51917208	ENSG00000085832.12	EPS15	protein_coding
ecc_00592	chr1	51881468	51881509	ENSG00000085832.12	EPS15	protein_coding
ecc_00593	chr1	51866202	51866401	ENSG00000085832.12	EPS15	protein_coding
ecc_00594	chr1	51350192	51350225	ENSG00000185104.15	FAF1	protein_coding
ecc_00595	chr1	51301815	51301861	ENSG00000185104.15	FAF1	protein_coding
ecc_00596	chr1	51102042	51102076	ENSG00000185104.15	FAF1	protein_coding
ecc_00597	chr1	50951351	50951389	ENSG00000185104.15	FAF1	protein_coding
ecc_00599	chr1	49754690	49754726	ENSG00000186094.12	AGBL4	protein_coding
ecc_00600	chr1	49627885	49627917	ENSG00000229846.1	RP11-141A19.1	antisense
ecc_00600	chr1	49627885	49627917	ENSG00000186094.12	AGBL4	protein_coding
ecc_00602	chr1	48698649	48698672	ENSG00000117834.8	SLC5A9	protein_coding
ecc_00603	chr1	4838625	4838671	ENSG00000196581.6	AJAP1	protein_coding
ecc_00604	chr1	4776606	4776649	ENSG00000196581.6	AJAP1	protein_coding
ecc_00605	chr1	47358287	47358327	ENSG00000238145.2	RP11-346M5.1	pseudogene
ecc_00605	chr1	47358287	47358327	ENSG00000154198.10	CYP4Z2P	pseudogene
ecc_00608	chr1	46453434	46453471	ENSG00000086015.16	MAST2	protein_coding
ecc_00609	chr1	46436344	46436492	ENSG00000086015.16	MAST2	protein_coding
ecc_00610	chr1	46403423	46403463	ENSG00000086015.16	MAST2	protein_coding
ecc_00611	chr1	46275320	46275355	ENSG00000086015.16	MAST2	protein_coding
ecc_00612	chr1	46174709	46174739	ENSG00000197429.6	IPP	protein_coding
ecc_00613	chr1	45964054	45964086	ENSG00000236624.4	CCDC163P	protein_coding
ecc_00614	chr1	45889231	45889263	ENSG00000070759.12	TESK2	protein_coding
ecc_00618	chr1	44081220	44081260	ENSG00000142949.12	PTPRF	protein_coding
ecc_00621	chr1	43857754	43857809	ENSG00000198198.9	SZT2	protein_coding
ecc_00626	chr1	42714393	42714431	ENSG00000198815.4	FOXJ3	protein_coding
ecc_00628	chr1	41660795	41660835	ENSG00000010803.12	SCMH1	protein_coding
ecc_00629	chr1	41564607	41564741	ENSG00000215893.3	RP4-635E8.1	pseudogene
ecc_00629	chr1	41564607	41564741	ENSG00000010803.12	SCMH1	protein_coding
ecc_00632	chr1	40690251	40690282	ENSG00000117000.8	RLF	protein_coding
ecc_00635	chr1	40002342	40002377	ENSG00000182109.3	RP11-69E11.4	antisense
ecc_00635	chr1	40002342	40002377	ENSG00000243970.1	PPIEL	pseudogene
ecc_00636	chr1	39854513	39854553	ENSG00000127603.19	MACF1	protein_coding
ecc_00637	chr1	39699448	39699483	ENSG00000127603.19	MACF1	protein_coding
ecc_00640	chr1	39376424	39376460	ENSG00000228436.2	RP5-864K19.4	antisense
ecc_00640	chr1	39376424	39376460	ENSG00000158315.6	RHBDL2	protein_coding
ecc_00641	chr1	39368075	39368109	ENSG00000228436.2	RP5-864K19.4	antisense
ecc_00641	chr1	39368075	39368109	ENSG00000158315.6	RHBDL2	protein_coding
ecc_00644	chr1	38021901	38022052	ENSG00000237749.3	RP3-423B22.5	pseudogene
ecc_00645	chr1	37775996	37776137	ENSG00000223944.1	RP5-1180C18.1	lincRNA
ecc_00646	chr1	37415151	37415198	ENSG00000163873.5	GRIK3	protein_coding
ecc_00648	chr1	36277064	36277094	ENSG00000134698.10	AGO4	protein_coding
ecc_00652	chr1	36100375	36100409	ENSG00000126067.7	PSMB2	protein_coding
ecc_00653	chr1	35765385	35765415	ENSG00000146463.7	ZMYM4	protein_coding
ecc_00655	chr1	35544128	35544161	ENSG00000197056.5	ZMYM1	protein_coding
ecc_00656	chr1	3527031	3527061	ENSG00000162591.11	MEGF6	protein_coding
ecc_00657	chr1	35178336	35178370	ENSG00000163866.8	SMIM12	protein_coding
ecc_00659	chr1	34653363	34653393	ENSG00000142698.10	C1orf94	protein_coding
ecc_00660	chr1	34286163	34286197	ENSG00000121904.13	CSMD2	protein_coding
ecc_00661	chr1	34200387	34200423	ENSG00000121904.13	CSMD2	protein_coding
ecc_00663	chr1	33430007	33430042	ENSG00000116514.12	RNF19B	protein_coding
ecc_00666	chr1	3304829	3304863	ENSG00000142611.12	PRDM16	protein_coding
ecc_00667	chr1	32966255	32966454	ENSG00000254553.1	RP1-27O5.3	protein_coding
ecc_00669	chr1	32722832	32722869	ENSG00000182866.12	LCK	protein_coding
ecc_00670	chr1	32517944	32517976	ENSG00000203325.3	RP11-277A4.4	antisense
ecc_00670	chr1	32517944	32517976	ENSG00000121774.13	KHDRBS1	protein_coding
ecc_00674	chr1	32129761	32129798	ENSG00000084636.13	COL16A1	protein_coding
ecc_00676	chr1	31887291	31887328	ENSG00000168528.7	SERINC2	protein_coding
ecc_00678	chr1	31434053	31434212	ENSG00000134644.11	PUM1	protein_coding
ecc_00679	chr1	31381434	31381650	ENSG00000162512.11	SDC3	protein_coding
ecc_00680	chr1	31342364	31342397	ENSG00000162512.11	SDC3	protein_coding
ecc_00681	chr1	31299356	31299408	ENSG00000223382.3	RP1-65J11.1	lincRNA
ecc_00683	chr1	3075319	3075350	ENSG00000142611.12	PRDM16	protein_coding
ecc_00687	chr1	29361491	29361521	ENSG00000159023.14	EPB41	protein_coding
ecc_00688	chr1	28814028	28814260	ENSG00000204138.8	PHACTR4	protein_coding
ecc_00689	chr1	28570802	28570834	ENSG00000130770.13	ATPIF1	protein_coding
ecc_00691	chr1	27866471	27866501	ENSG00000126705.9	AHDC1	protein_coding
ecc_00693	chr1	27577348	27577549	ENSG00000142784.11	WDTC1	protein_coding
ecc_00701	chr1	26544380	26544411	ENSG00000236155.2	RP11-231P20.2	pseudogene
ecc_00702	chr1	26131126	26131157	ENSG00000162430.12	SEPN1	protein_coding
ecc_00703	chr1	26004337	26004372	ENSG00000117643.10	MAN1C1	protein_coding
ecc_00704	chr1	25622333	25622366	ENSG00000117616.13	C1orf63	protein_coding
ecc_00704	chr1	25622333	25622366	ENSG00000187010.14	RHD	protein_coding
ecc_00706	chr1	25092960	25093007	ENSG00000169504.10	CLIC4	protein_coding
ecc_00707	chr1	24886660	24886691	ENSG00000184454.6	NCMAP	protein_coding
ecc_00708	chr1	24878796	24878828	ENSG00000264443.1	RP4-594I10.3	lincRNA
ecc_00710	chr1	24788031	24788060	ENSG00000001461.12	NIPAL3	protein_coding
ecc_00712	chr1	247394536	247394700	ENSG00000214144.3	RP11-488L18.1	pseudogene
ecc_00712	chr1	247394536	247394700	ENSG00000232347.1	RP11-488L18.8	lincRNA
ecc_00714	chr1	246854957	246854993	ENSG00000235021.1	RP11-439E19.7	lincRNA
ecc_00716	chr1	245424769	245424818	ENSG00000162849.11	KIF26B	protein_coding
ecc_00717	chr1	245148152	245148396	ENSG00000203666.8	EFCAB2	protein_coding
ecc_00720	chr1	244097329	244097502	ENSG00000226828.1	RP11-278H7.1	lincRNA
ecc_00722	chr1	243958755	243958793	ENSG00000117020.12	AKT3	protein_coding
ecc_00723	chr1	243752608	243752652	ENSG00000117020.12	AKT3	protein_coding
ecc_00724	chr1	243637220	243637250	ENSG00000054282.11	SDCCAG8	protein_coding
ecc_00726	chr1	242678508	242678541	ENSG00000180287.12	PLD5	protein_coding
ecc_00727	chr1	242657412	242657447	ENSG00000180287.12	PLD5	protein_coding
ecc_00728	chr1	242387145	242387175	ENSG00000180287.12	PLD5	protein_coding
ecc_00729	chr1	24233897	24233929	ENSG00000232557.3	RP11-4M23.3	antisense
ecc_00729	chr1	24233897	24233929	ENSG00000188822.6	CNR2	protein_coding
ecc_00730	chr1	242220943	242220995	ENSG00000224625.2	TUBB8P6	pseudogene
ecc_00732	chr1	241256367	241256398	ENSG00000182901.11	RGS7	protein_coding
ecc_00733	chr1	241047380	241047414	ENSG00000182901.11	RGS7	protein_coding
ecc_00734	chr1	24084741	24084779	ENSG00000011007.8	TCEB3	protein_coding
ecc_00738	chr1	239907078	239907284	ENSG00000133019.7	CHRM3	protein_coding
ecc_00742	chr1	237833610	237833659	ENSG00000198626.11	RYR2	protein_coding
ecc_00743	chr1	237679221	237679262	ENSG00000198626.11	RYR2	protein_coding
ecc_00744	chr1	237546703	237546743	ENSG00000198626.11	RYR2	protein_coding
ecc_00745	chr1	237411568	237411599	ENSG00000198626.11	RYR2	protein_coding
ecc_00747	chr1	2367465	2367564	ENSG00000149527.13	PLCH2	protein_coding
ecc_00748	chr1	23641776	23641811	ENSG00000125944.14	HNRNPR	protein_coding
ecc_00749	chr1	236167332	236167363	ENSG00000116962.10	NID1	protein_coding
ecc_00751	chr1	235963223	235963268	ENSG00000143669.9	LYST	protein_coding
ecc_00752	chr1	235780026	235780057	ENSG00000168243.6	GNG4	protein_coding
ecc_00753	chr1	235775365	235775406	ENSG00000168243.6	GNG4	protein_coding
ecc_00754	chr1	235532820	235532852	ENSG00000116957.8	TBCE	protein_coding
ecc_00756	chr1	23475572	23475621	ENSG00000169641.9	LUZP1	protein_coding
ecc_00757	chr1	234533318	234533537	ENSG00000059588.5	TARBP1	protein_coding
ecc_00759	chr1	234404206	234404237	ENSG00000231272.1	RP4-799P18.4	sense_intronic
ecc_00759	chr1	234404206	234404237	ENSG00000183780.8	SLC35F3	protein_coding
ecc_00760	chr1	234234080	234234175	ENSG00000183780.8	SLC35F3	protein_coding
ecc_00761	chr1	234202554	234202595	ENSG00000183780.8	SLC35F3	protein_coding
ecc_00762	chr1	234083082	234083112	ENSG00000183780.8	SLC35F3	protein_coding
ecc_00763	chr1	234054509	234054555	ENSG00000183780.8	SLC35F3	protein_coding
ecc_00765	chr1	233797960	233798035	ENSG00000135750.10	KCNK1	protein_coding
ecc_00767	chr1	233475108	233475152	ENSG00000143674.6	MLK4	protein_coding
ecc_00768	chr1	2332810	2332846	ENSG00000157916.14	RER1	protein_coding
ecc_00769	chr1	233255910	233255959	ENSG00000135749.14	PCNXL2	protein_coding
ecc_00771	chr1	231850371	231850472	ENSG00000162946.16	DISC1	protein_coding
ecc_00771	chr1	231850371	231850472	ENSG00000270106.1	TSNAX-DISC1	protein_coding
ecc_00772	chr1	231337997	231338029	ENSG00000119283.11	TRIM67	protein_coding
ecc_00773	chr1	231333583	231333626	ENSG00000119283.11	TRIM67	protein_coding
ecc_00774	chr1	231329246	231329278	ENSG00000119283.11	TRIM67	protein_coding
ecc_00775	chr1	231299463	231299494	ENSG00000119283.11	TRIM67	protein_coding
ecc_00776	chr1	231175718	231175754	ENSG00000182118.5	FAM89A	protein_coding
ecc_00777	chr1	230980954	230980985	ENSG00000119280.12	C1orf198	protein_coding
ecc_00779	chr1	229409798	229409988	ENSG00000168118.7	RAB4A	protein_coding
ecc_00785	chr1	228572164	228572209	ENSG00000270104.1	RP11-245P10.6	lincRNA
ecc_00786	chr1	228345906	228345932	ENSG00000198835.3	GJC2	protein_coding
ecc_00787	chr1	227375371	227375402	ENSG00000143776.14	CDC42BPA	protein_coding
ecc_00789	chr1	225704577	225704607	ENSG00000154380.12	ENAH	protein_coding
ecc_00790	chr1	225702491	225702581	ENSG00000154380.12	ENAH	protein_coding
ecc_00791	chr1	225266495	225266601	ENSG00000185842.10	DNAH14	protein_coding
ecc_00793	chr1	224701043	224701074	ENSG00000143786.3	CNIH3	protein_coding
ecc_00794	chr1	224589379	224589418	ENSG00000162923.10	WDR26	protein_coding
ecc_00795	chr1	224467866	224467899	ENSG00000143748.13	NVL	protein_coding
ecc_00803	chr1	222351678	222351708	ENSG00000236230.1	RP11-400N13.1	lincRNA
ecc_00808	chr1	221048527	221048593	ENSG00000257551.1	HLA-AS1	antisense
ecc_00811	chr1	220337787	220337826	ENSG00000118873.11	RAB3GAP2	protein_coding
ecc_00812	chr1	219920680	219920716	ENSG00000196660.6	SLC30A10	protein_coding
ecc_00813	chr1	21949101	21949131	ENSG00000076864.15	RAP1GAP	protein_coding
ecc_00815	chr1	218530551	218530582	ENSG00000092969.7	TGFB2	protein_coding
ecc_00816	chr1	217641884	217641925	ENSG00000092978.6	GPATCH2	protein_coding
ecc_00821	chr1	21420591	21420623	ENSG00000075151.15	EIF4G3	protein_coding
ecc_00822	chr1	214136268	214136299	ENSG00000230461.4	PROX1-AS1	antisense
ecc_00823	chr1	21409530	21409575	ENSG00000075151.15	EIF4G3	protein_coding
ecc_00828	chr1	212189052	212189095	ENSG00000143493.8	INTS7	protein_coding
ecc_00829	chr1	211965089	211965131	ENSG00000123684.8	LPGAT1	protein_coding
ecc_00830	chr1	211849678	211849862	ENSG00000231057.3	RP11-122M14.1	antisense
ecc_00831	chr1	211444771	211444801	ENSG00000117625.9	RCOR3	protein_coding
ecc_00832	chr1	21092456	21092488	ENSG00000127483.13	HP1BP3	protein_coding
ecc_00833	chr1	21091184	21091218	ENSG00000127483.13	HP1BP3	protein_coding
ecc_00834	chr1	210154759	210154807	ENSG00000143469.12	SYT14	protein_coding
ecc_00835	chr1	20996357	20996403	ENSG00000117245.8	KIF17	protein_coding
ecc_00836	chr1	209871216	209871259	ENSG00000117594.5	HSD11B1	protein_coding
ecc_00836	chr1	209871216	209871259	ENSG00000227591.1	RP1-28O10.1	antisense
ecc_00837	chr1	209737930	209737967	ENSG00000224260.2	RP1-272L16.1	lincRNA
ecc_00842	chr1	20880259	20880289	ENSG00000183114.6	FAM43B	protein_coding
ecc_00844	chr1	208260339	208260386	ENSG00000076356.6	PLXNA2	protein_coding
ecc_00845	chr1	208031105	208031281	ENSG00000203709.5	C1orf132	processed_transcript
ecc_00846	chr1	207910824	207910877	ENSG00000197721.12	CR1L	protein_coding
ecc_00848	chr1	206766813	206766844	ENSG00000143486.11	EIF2D	protein_coding
ecc_00849	chr1	206626229	206626264	ENSG00000163486.8	SRGAP2	protein_coding
ecc_00854	chr1	204451231	204451261	ENSG00000133056.9	PIK3C2B	protein_coding
ecc_00855	chr1	204264617	204264647	ENSG00000143850.8	PLEKHA6	protein_coding
ecc_00858	chr1	203924597	203924630	ENSG00000237379.1	CBX1P3	pseudogene
ecc_00861	chr1	2027177	2027351	ENSG00000067606.11	PRKCZ	protein_coding
ecc_00862	chr1	202663828	202663858	ENSG00000143858.7	SYT2	protein_coding
ecc_00863	chr1	201947768	201947969	ENSG00000238003.1	RP11-465N4.2	pseudogene
ecc_00864	chr1	20124404	20124439	ENSG00000162542.9	TMCO4	protein_coding
ecc_00865	chr1	200962880	200962910	ENSG00000116852.10	KIF21B	protein_coding
ecc_00870	chr1	200043863	200043893	ENSG00000116833.9	NR5A2	protein_coding
ecc_00872	chr1	19965952	19965982	ENSG00000270136.1	MINOS1-NBL1	protein_coding
ecc_00874	chr1	199280439	199280470	ENSG00000231718.1	RP11-382E9.1	lincRNA
ecc_00875	chr1	199159789	199160012	ENSG00000231718.1	RP11-382E9.1	lincRNA
ecc_00880	chr1	197902860	197902902	ENSG00000143355.11	LHX9	protein_coding
ecc_00881	chr1	197705462	197705492	ENSG00000213047.7	DENND1B	protein_coding
ecc_00882	chr1	197534589	197534620	ENSG00000213047.7	DENND1B	protein_coding
ecc_00883	chr1	197513852	197513969	ENSG00000213047.7	DENND1B	protein_coding
ecc_00884	chr1	197422676	197422706	ENSG00000134376.10	CRB1	protein_coding
ecc_00885	chr1	197296225	197296270	ENSG00000134376.10	CRB1	protein_coding
ecc_00886	chr1	19689747	19689779	ENSG00000077549.13	CAPZB	protein_coding
ecc_00887	chr1	196308079	196308119	ENSG00000162687.12	KCNT2	protein_coding
ecc_00898	chr1	192915747	192915789	ENSG00000234871.1	LINC01032	lincRNA
ecc_00903	chr1	190296444	190296477	ENSG00000162670.8	BRINP3	protein_coding
ecc_00903	chr1	190296444	190296477	ENSG00000225811.1	RP11-547I7.1	antisense
ecc_00904	chr1	190229205	190229235	ENSG00000162670.8	BRINP3	protein_coding
ecc_00905	chr1	18984246	18984277	ENSG00000009709.7	PAX7	protein_coding
ecc_00911	chr1	1880469	1880512	ENSG00000142609.13	C1orf222	protein_coding
ecc_00914	chr1	187063281	187063312	ENSG00000236030.1	LINC01036	lincRNA
ecc_00922	chr1	185110101	185110139	ENSG00000121486.7	TRMT1L	protein_coding
ecc_00924	chr1	184553271	184553301	ENSG00000116667.8	C1orf21	protein_coding
ecc_00925	chr1	184548626	184548657	ENSG00000116667.8	C1orf21	protein_coding
ecc_00928	chr1	183721815	183721849	ENSG00000143344.11	RGL1	protein_coding
ecc_00929	chr1	183310845	183310882	ENSG00000157064.6	NMNAT2	protein_coding
ecc_00930	chr1	183168221	183168256	ENSG00000058085.10	LAMC2	protein_coding
ecc_00932	chr1	1822438	1822473	ENSG00000078369.13	GNB1	protein_coding
ecc_00936	chr1	180773106	180773138	ENSG00000143324.9	XPR1	protein_coding
ecc_00937	chr1	18075354	18075535	ENSG00000236648.1	RP11-473A10.2	lincRNA
ecc_00938	chr1	180678031	180678061	ENSG00000143324.9	XPR1	protein_coding
ecc_00939	chr1	179424412	179424444	ENSG00000236539.3	HNRNPA1P54	pseudogene
ecc_00939	chr1	179424412	179424444	ENSG00000162779.16	AXDND1	protein_coding
ecc_00940	chr1	178868751	178868793	ENSG00000116191.13	RALGPS2	protein_coding
ecc_00941	chr1	178700397	178700435	ENSG00000116191.13	RALGPS2	protein_coding
ecc_00943	chr1	176965388	176965427	ENSG00000152092.11	ASTN1	protein_coding
ecc_00944	chr1	176960553	176960596	ENSG00000152092.11	ASTN1	protein_coding
ecc_00945	chr1	176750501	176750540	ENSG00000116183.6	PAPPA2	protein_coding
ecc_00946	chr1	175877912	175877954	ENSG00000227740.1	RP11-318C24.2	lincRNA
ecc_00948	chr1	17518317	17518468	ENSG00000204362.5	RP11-380J14.1	lincRNA
ecc_00949	chr1	174611852	174611928	ENSG00000152061.17	RABGAP1L	protein_coding
ecc_00950	chr1	174559464	174559503	ENSG00000152061.17	RABGAP1L	protein_coding
ecc_00953	chr1	173961798	173961828	ENSG00000135870.7	RC3H1	protein_coding
ecc_00954	chr1	173908656	173908691	ENSG00000135870.7	RC3H1	protein_coding
ecc_00957	chr1	172628471	172628502	ENSG00000117560.6	FASLG	protein_coding
ecc_00958	chr1	172384655	172384686	ENSG00000135845.5	PIGC	protein_coding
ecc_00958	chr1	172384655	172384686	ENSG00000197959.9	DNM3	protein_coding
ecc_00960	chr1	170016765	170016797	ENSG00000075945.8	KIFAP3	protein_coding
ecc_00961	chr1	168680232	168680265	ENSG00000143196.4	DPT	protein_coding
ecc_00965	chr1	167202356	167202392	ENSG00000143190.17	POU2F1	protein_coding
ecc_00966	chr1	166808933	166809152	ENSG00000143157.7	POGK	protein_coding
ecc_00970	chr1	16584483	16584522	ENSG00000037637.6	FBXO42	protein_coding
ecc_00972	chr1	164624337	164624369	ENSG00000185630.14	PBX1	protein_coding
ecc_00973	chr1	164609776	164609809	ENSG00000185630.14	PBX1	protein_coding
ecc_00979	chr1	161376328	161376519	ENSG00000215840.3	RP11-122G18.7	pseudogene
ecc_00981	chr1	161191438	161191477	ENSG00000268387.1	AL590714.1	protein_coding
ecc_00982	chr1	161102424	161102456	ENSG00000158796.12	DEDD	protein_coding
ecc_00983	chr1	160997281	160997486	ENSG00000270149.1	F11R	protein_coding
ecc_00987	chr1	160209881	160209912	ENSG00000132716.14	DCAF8	protein_coding
ecc_00987	chr1	160209881	160209912	ENSG00000258465.2	DCAF8	protein_coding
ecc_00988	chr1	160103884	160104043	ENSG00000018625.10	ATP1A2	protein_coding
ecc_00992	chr1	1590379	1590412	ENSG00000248333.3	CDK11B	protein_coding
ecc_00993	chr1	157907943	157907973	ENSG00000236957.3	RP11-451O13.1	pseudogene
ecc_00997	chr1	15660314	15660352	ENSG00000233485.1	RP3-467K16.2	antisense
ecc_00997	chr1	15660314	15660352	ENSG00000142621.15	FHAD1	protein_coding
ecc_00998	chr1	15657854	15657931	ENSG00000233485.1	RP3-467K16.2	antisense
ecc_00998	chr1	15657854	15657931	ENSG00000142621.15	FHAD1	protein_coding
ecc_01000	chr1	155963036	155963068	ENSG00000224276.1	RP11-336K24.5	antisense
ecc_01000	chr1	155963036	155963068	ENSG00000116584.13	ARHGEF2	protein_coding
ecc_01001	chr1	155934684	155934719	ENSG00000116584.13	ARHGEF2	protein_coding
ecc_01002	chr1	155515943	155515973	ENSG00000116539.6	ASH1L	protein_coding
ecc_01003	chr1	155460755	155460805	ENSG00000116539.6	ASH1L	protein_coding
ecc_01005	chr1	154728220	154728782	ENSG00000143603.14	KCNN3	protein_coding
ecc_01006	chr1	15466115	15466154	ENSG00000175147.7	TMEM51-AS1	processed_transcript
ecc_01009	chr1	15427648	15427683	ENSG00000189337.11	KAZN	protein_coding
ecc_01010	chr1	154193465	154193500	ENSG00000143569.14	UBAP2L	protein_coding
ecc_01011	chr1	15418543	15418588	ENSG00000189337.11	KAZN	protein_coding
ecc_01012	chr1	153999563	153999600	ENSG00000143552.5	NUP210L	protein_coding
ecc_01013	chr1	153809832	153809865	ENSG00000143614.7	GATAD2B	protein_coding
ecc_01014	chr1	153535434	153535466	ENSG00000196754.6	S100A2	protein_coding
ecc_01021	chr1	152095182	152095212	ENSG00000226716.1	AL589986.2	antisense
ecc_01023	chr1	15186662	15186694	ENSG00000189337.11	KAZN	protein_coding
ecc_01024	chr1	151648740	151648789	ENSG00000143376.8	SNX27	protein_coding
ecc_01025	chr1	151264111	151264142	ENSG00000143373.13	ZNF687	protein_coding
ecc_01026	chr1	150982964	150983166	ENSG00000143363.11	PRUNE	protein_coding
ecc_01027	chr1	150977925	150977960	ENSG00000143409.11	FAM63A	protein_coding
ecc_01028	chr1	150959832	150959870	ENSG00000143412.5	ANXA9	protein_coding
ecc_01029	chr1	150932956	150932988	ENSG00000143379.8	SETDB1	protein_coding
ecc_01030	chr1	150779522	150779556	ENSG00000143387.8	CTSK	protein_coding
ecc_01031	chr1	150625644	150625789	ENSG00000143457.6	GOLPH3L	protein_coding
ecc_01032	chr1	150473769	150473808	ENSG00000143374.10	TARS2	protein_coding
ecc_01033	chr1	150374421	150374453	ENSG00000163125.11	RPRD2	protein_coding
ecc_01034	chr1	150324144	150324179	ENSG00000117360.8	PRPF3	protein_coding
ecc_01035	chr1	15023623	15023653	ENSG00000189337.11	KAZN	protein_coding
ecc_01038	chr1	14938183	14938215	ENSG00000189337.11	KAZN	protein_coding
ecc_01046	chr1	147752188	147752222	ENSG00000234283.1	RP11-495P10.6	lincRNA
ecc_01047	chr1	147071976	147072008	ENSG00000116128.5	BCL9	protein_coding
ecc_01050	chr1	146532765	146532801	ENSG00000227242.2	NBPF13P	pseudogene
ecc_01053	chr1	144454446	144454477	ENSG00000231360.2	AL592284.1	protein_coding
ecc_01054	chr1	144340761	144340822	ENSG00000235398.4	LINC00623	lincRNA
ecc_01054	chr1	144340761	144340822	ENSG00000231360.2	AL592284.1	protein_coding
ecc_01055	chr1	143744441	143744480	ENSG00000223804.1	RP6-206I17.1	lincRNA
ecc_01058	chr1	14084262	14084294	ENSG00000116731.18	PRDM2	protein_coding
ecc_01061	chr1	12535939	12535971	ENSG00000048707.9	VPS13D	protein_coding
ecc_01062	chr1	12413022	12413059	ENSG00000048707.9	VPS13D	protein_coding
ecc_01063	chr1	121160410	121160441	ENSG00000227082.1	AL592494.5	lincRNA
ecc_01063	chr1	121160410	121160441	ENSG00000231429.2	RP11-343N15.2	lincRNA
ecc_01064	chr1	121149354	121149401	ENSG00000227082.1	AL592494.5	lincRNA
ecc_01065	chr1	120904847	120905008	ENSG00000213244.3	HIST2H3DP1	pseudogene
ecc_01065	chr1	120904847	120905008	ENSG00000227193.2	RP11-439A17.4	lincRNA
ecc_01066	chr1	120543895	120544069	ENSG00000134250.13	NOTCH2	protein_coding
ecc_01068	chr1	120226077	120226110	ENSG00000092621.7	PHGDH	protein_coding
ecc_01069	chr1	119839636	119839673	ENSG00000227712.1	RP11-418J17.3	lincRNA
ecc_01070	chr1	119798802	119798833	ENSG00000231365.1	RP11-418J17.1	antisense
ecc_01072	chr1	119451362	119451398	ENSG00000092607.9	TBX15	protein_coding
ecc_01077	chr1	118069460	118069506	ENSG00000198162.8	MAN1A2	protein_coding
ecc_01078	chr1	117973821	117973856	ENSG00000198162.8	MAN1A2	protein_coding
ecc_01084	chr1	114472331	114472361	ENSG00000163349.17	HIPK1	protein_coding
ecc_01085	chr1	114175856	114175901	ENSG00000081026.14	MAGI3	protein_coding
ecc_01086	chr1	114045842	114045954	ENSG00000081026.14	MAGI3	protein_coding
ecc_01087	chr1	113980417	113980455	ENSG00000081026.14	MAGI3	protein_coding
ecc_01089	chr1	113614074	113614113	ENSG00000238198.1	RP11-31F15.2	lincRNA
ecc_01094	chr1	113188355	113188607	ENSG00000116489.8	CAPZA1	protein_coding
ecc_01095	chr1	113144696	113144736	ENSG00000007341.14	ST7L	protein_coding
ecc_01096	chr1	112835163	112835211	ENSG00000231246.1	RP5-965F6.2	lincRNA
ecc_01097	chr1	112513917	112513947	ENSG00000171385.5	KCND3	protein_coding
ecc_01098	chr1	112162493	112162526	ENSG00000116473.10	RAP1A	protein_coding
ecc_01101	chr1	110609194	110609225	ENSG00000143093.10	STRIP1	protein_coding
ecc_01101	chr1	110609194	110609225	ENSG00000156150.6	ALX3	protein_coding
ecc_01106	chr1	109962427	109962457	ENSG00000143106.8	PSMA5	protein_coding
ecc_01107	chr1	109681186	109681216	ENSG00000116299.12	KIAA1324	protein_coding
ecc_01108	chr1	109656047	109656093	ENSG00000179902.8	C1orf194	protein_coding
ecc_01109	chr1	109540065	109540095	ENSG00000085433.11	WDR47	protein_coding
ecc_01110	chr1	109102740	109102772	ENSG00000162636.11	FAM102B	protein_coding
ecc_01112	chr1	108535723	108535766	ENSG00000230489.1	VAV3-AS1	antisense
ecc_01113	chr1	108356584	108356628	ENSG00000134215.11	VAV3	protein_coding
ecc_01114	chr1	108139838	108139876	ENSG00000134215.11	VAV3	protein_coding
ecc_01116	chr1	107961851	107961881	ENSG00000162631.14	NTNG1	protein_coding
ecc_01117	chr1	107813318	107813349	ENSG00000162631.14	NTNG1	protein_coding
ecc_01118	chr1	10755623	10755667	ENSG00000130940.10	CASZ1	protein_coding
ecc_01121	chr1	106544857	106544889	ENSG00000233047.1	RP11-24P14.1	lincRNA
ecc_01122	chr1	10647952	10647991	ENSG00000142655.8	PEX14	protein_coding
ecc_01128	chr1	10502129	10502160	ENSG00000175279.17	APITD1	protein_coding
ecc_01128	chr1	10502129	10502160	ENSG00000251503.3	APITD1-CORT	protein_coding
ecc_01129	chr1	10471489	10471544	ENSG00000142657.16	PGD	protein_coding
ecc_01131	chr1	10435832	10435868	ENSG00000054523.12	KIF1B	protein_coding
ecc_01133	chr1	102293580	102293616	ENSG00000118733.12	OLFM3	protein_coding
ecc_01134	chr1	10213548	10213585	ENSG00000130939.14	UBE4B	protein_coding
ecc_01135	chr1	101721963	101722033	ENSG00000228399.1	RP4-575N6.2	pseudogene
ecc_01136	chr1	100824701	100824732	ENSG00000079335.13	CDC14A	protein_coding
ecc_01137	chr1	100752010	100752043	ENSG00000137996.8	RTCA	protein_coding
ecc_01138	chr1	100228014	100228047	ENSG00000156869.8	FRRS1	protein_coding
